Alex Prugh,2008,1984
Blake Adams,2007,1975
Tjaart van der Walt,2000,1974
Wes Short jr,2002,1963
John Engler jr,2002,1978
Pat Bates,1994,1969
Kevin Muncrief,2003,1976
Brent Schwarzrock,1998,1972
Mike Grob,1999,1964
John Maginnes,1994,1968
Dave Stockton jr,1993,1968
Jeff Klein,1991,1958
David Berganio jr,1996,1969
Matt Peterson,1992,1967
Lee Porter,1992,1966
Edward Fryatt,1995,1971
Michael Muehr,1997,1971
Pete Jordan,1991,1964
Jason Hill,2001,1971
Scott Dunlap,1990,1963
Gary Nicklaus,1999,1969
Brad Lardon,1990,1965
Brian Wilson,2000,1964
Ben Bates,1990,1961
Jimmy Green,1996,1969
Doug Dunakey,1998,1963
Kelly Grunewald,2000,1968
Ben Ferguson,1999,1973
Rocky Walcher,1991,1961
Casey Martin,1998,1972
Bob Friend,1990,1963
Charles Raulerson,1990,1964
Kelly Gibson,1990,1964
Eric Booker,1990,1963
Ryan Howison,1995,1966
Doug Martin,1991,1966
Ty Armstrong,1993,1959
Jeff Gallagher,1990,1964
Geoffrey Sisk,1991,1965
Tim Loustalot,1990,1965
Steve Jurgensen,1993,1961
David Seawell,1997,1974
R.W. Eaks,1990,1952
Hugh Royer III,1991,1964
Jim Estes,1990,1964
Bobby Gage,1995,1965
Iain Steel,1997,1971
Michael Christie,1995,1969
Rafael Alarcon,1995,1958
Allen Doyle,1995,1948
Jack O'Keefe,1996,1969
Eric Johnson,1995,1962
Kevin Burton,1996,1962
Taylor Smith,1992,1967
Tray Tyner,1990,1964
Charlie Rymer,1994,1967
Gary Rusnak,1990,1962
Joey Gullion,1994,1971
Steve Rintoul,1991,1963
Bruce Vaughan,1992,1956
Dicky Thompson,1990,1957
Bill Porter,1992,1959
Jeff Leonard,1991,1964
Steve Brodie,1990,1965
Rob Boldt,1991,1963
Jeff Woodland,1991,1957
John Flannery,1990,1962
Eddie Kirby,1990,1962
Russell Beiersdorf,1990,1965
Jaime Gomez,1991,1967
Jeff Cook,1990,1961
JC Anderson,1990,1961
Marty Schiene,1992,1958
Eddie Pearce,1992,1953
David Delong,1991,1959
John Ross,1990,1952
Greg Whisman,1990,1961
Brad Bell,1990,1961
Chris Kirk,2008,1985
Roberto Castro,2010,1985
Daniel Summerhays,2007,1983
Jamie Lovemark,2010,1988
Jeff Curl,2009,1978
Jhonattan Vegas,2009,1984
Kevin Chappell,2010,1986
William McGirt,2010,1979
Fabian Gomez,2007,1978
Brendan Steele,2008,1983
Brian Smock,2005,1973
Andrew Svoboda,2010,1979
Camilo Benedetti,2007,1979
Kevin Kisner,2010,1984
Jonas Blixt,2009,1984
Zack Miller,2010,1984
James Hahn,2010,1981
Chris Nallen,2005,1982
Rob Oppenheim,2010,1980
Scott Gardiner,2005,1976
Martin Piller,2009,1985
Jim Herman,2008,1977
Scott Brown,2010,1983
Keegan Bradley,2010,1986
Nate Smith,2010,1983
Adam Meyer,2010,1982
Steven Bowditch,2005,1983
Bobby Gates,2010,1985
Kyle Stanley,2010,1987
Joe Affrunti,2010,1981
Scott Stallings,2010,1985
Travis Bertoni,2010,1984
J.J. Killeen,2008,1981
Gary Christian,1999,1971
Justin Hicks,2007,1974
Luke List,2010,1985
Adam Bland,2009,1982
Jason Enloe,2004,1973
Chris Kamin,2005,1974
Alistair Presnell,2010,1979
Won Joon Lee,2008,1985
Justin Peters,2010,1977
John Kimbell,2007,1969
Bradley Iles,2008,1983
Dave Schultz,2008,1982
Josh Broadaway,2003,1978
Mark Anderson,2010,1986
Trevor Murphy,2010,1984
B.J. Staten,2007,1977
Ty Harris,2010,1982
Justin Smith,2007,1982
Barrett Jarosch,2010,1983
Dustin Risdon,2009,1981
Miguel Angel Carballo,2007,1979
Madalitso Muthiya,2010,1983
Brice Garnett,2010,1983
Garrett Osborn,2008,1984
Aaron Watkins,2007,1982
Brady Schnell,2010,1985
Jesse Hutchins,2010,1982
Bronson La'Cassie,2010,1983
Sal Spallone,2007,1978
Stephen Poole,2010,1983
Brian Vranesh,2010,1977
John Douma,2010,1974
Ted Brown,2010,1979
Bryan DeCorso,2008,1971
Dan Buchner,2004,1973
Ewan Porter,2005,1982
Diego Vanegas,2010,1976
Daniel Barbetti,2010,1982
Julien Trudeau,2010,1981
Bobby MacWhinnie,2010,1982
Chris Baryla,2006,1982
Oskar Bergman,2008,1977
Scott Parel,2003,1965
Michael Sims,2007,1979
Brad Fritsch,2007,1977
Keoke Cotner,2000,1971
Allistair Presnell,2009,1979
Dustin Bray,2007,1981
Steve Friesen,2009,1977
Bret Guetz,2008,1978
Chad Ginn,1994,1970
Steven Taylor,2009,1985
Dustin White,2009,1981
Major Manning,2009,1984
Steve LeBrun,2005,1978
Brennan Webb,2009,1974
Ryan Cobb,2009,1980
Drew Laning,2009,1983
Andrew Johnson,2005,1972
Seung-su Han,2009,1986
Andrew Bonhomme,2008,1972
Tee McCabe,2007,1977
Joseph Sykora,2009,1984
Randy Leen,2000,1975
Chris Thompson,2007,1976
Wade Ormsby,2008,1980
Chris Parra,2008,1976
Jon Rusk,2005,1979
Reid Edstrom,2008,1974
Jon Turcott,2007,1980
Tim O'Neal,2001,1973
Sebastian Fernandez,2008,1973
Anders Hultman,2008,1979
Josh McCumber,2008,1976
Gibby Gilbert III,1999,1965
Nick Malinowski,2006,1975
Patrick Damron,2004,1978
Brad Weesner,2008,1975
Jonathan Fricke,2008,1982
Tyler Williamson,2002,1972
Brock Mackenzie,2007,1981
Rob Bradley,2000,1974
Kim Felton,2005,1975
Lee Curry,2008,1978
Darren Angel,2008,1977
Scott Harrington,2004,1980
Tyler Aldridge,2008,1984
Scott Gordon,2008,1981
Lee Williams,2007,1981
Scott Weatherly,2005,1978
Kevin Gessino-Kraft,2005,1971
Boyd Summerhays,2007,1979
Edward Loar,2007,1977
Lee M. Williamson,2007,1979
Zoran Zorkic,2000,1966
Erik Compton,2002,1979
Jeff Wood,2007,1978
Bryn Parry,2007,1971
Brad Ott,1996,1969
Mike Capone,2007,1976
Joseph Alfieri,2005,1969
Elliot Gealy,2007,1976
Kyle McCarthy,2007,1982
Curtis Malm,2007,1978
Adam Riddering,2007,1980
Ted Potter jr,2004,1983
Jamie Broce,2005,1977
Brad Klapprott,2001,1969
Steve Collins,2006,1971
Scott Petersen,1996,1970
Joel Kribel,2002,1977
Steve Larick,1996,1964
Roberto Coceres,2006,1966
Hiroshi Matsuo,2000,1969
Steve Schneiter,1997,1963
Andrew Dahl,2006,1983
Ron Harvey jr,2006,1983
Jeff Burns,2005,1974
Kevin Durkin,2002,1973
Joel Hendry,2006,1978
Brett Bingham,2006,1975
David Roesch,2006,1974
Kyle Gallo,2006,1975
James Oh,2004,1982
Scott Ford,1995,1969
Chad Wilfong,2005,1980
Dave Christensen,2004,1976
Chris Wollmann,2001,1975
Jeff Freeman,1994,1962
Nick Cassini,2003,1978
Craig Carmichael,2005,1971
Jaxon Brigman,1995,1971
Doug Garwood,2002,1963
Keith Huber,2004,1965
Steve Pleis,2005,1967
Steve Runge,1995,1968
Sean Pacetti,1990,1967
Andy Sanders,2002,1978
Alan McLean,2005,1970
Dave Cunningham,2004,1968
Bryant Odom,2004,1979
Ahmad Bateman,1997,1961
Steve Ford,1992,1965
Euan Walters,2004,1970
Rafael Gomez,2004,1967
Robin Byrd,1999,1960
Andy Morse,1990,1958
Kelly Sellers,2004,1974
John Connelly,1995,1968
Jody Bellflower,2000,1969
Chris Sessler,2004,1969
Chris Zambri,1997,1970
Steve Haskins,1990,1958
Richard Massey,2004,1968
Jake Reeves,2004,1977
Rob McKelvey,1996,1969
Warren Schutte,2000,1971
Tony Carolan,2004,1968
Han Lee,2002,1977
Bobby Kalinowski,2001,1972
Victor Schwamkrug,2000,1977
John Paul Curley,2003,1972
Michael Harris,2004,1977
John Restino,2002,1963
Sung Man Lee,2001,1980
Mark Walker,2001,1967
Eric Meeks,1996,1965
Rob McMillan,2001,1975
Paul Dickinson,2003,1976
Shane Tait,1998,1971
Stiles Mitchell,1998,1965
Kevin Pendley,2000,1976
Terry Hatch,2003,1968
Ron Ewing,1999,1968
Todd Rose,2001,1977
Chad Lydiatt,2003,1972
Ken Tanigawa,2003,1967
Oscar Serna,2001,1978
Tommy Biershenk,2000,1973
Patrick Moore,2002,1970
Vic Wilk,1994,1960
Chad Wright,2001,1975
Greg Gregory,2000,1973
Pete Morgan,2001,1963
Billy Judah,2001,1974
Todd Bailey,2002,1968
James H. McLean,2002,1978
Jace Bugg,2002,1976
Grover Justice,2002,1974
Brent Winston,2002,1972
Michael Flynn,2002,1970
David Dyer,2002,1971
Todd Fanning,2002,1968
Steve Holmes,2002,1972
Joey Maxon,2002,1975
Travis Williams,2002,1972
Travis Nance,2002,1977
Tom Kalinowski,2000,1969
Mike Perez,2002,1979
Andy Walker,2002,1975
Wes Tuck,1999,1965
John Kernohan,1990,1964
Bud Still,1997,1972
Scott Hebert,2001,1969
David Kirkpatrick,1994,1969
Robert Gaus,2001,1960
Jay Hobby,1999,1973
Jeff Sanday,2001,1971
Jason Knutzon,2001,1976
Rick Woodson,2001,1963
John Patterson,2001,1971
Mark W. Johnson,2001,1954
Brian Hull,2001,1974
Jamie Rogers,2001,1975
Bobby Elliott,1996,1967
Curtis Wangrud,2001,1967
Brian Fogt,1995,1959
Nick Napoleon,2001,1973
Chris Starkjohann,1993,1956
Ryan Vermeer,2001,1978
Richard Smith,2001,1958
Esteban Isasi,2001,1975
Marco Gortana,1996,1971
Steve Woods,1999,1972
Lewis Chitengwa,2000,1975
Angel Franco,2000,1958
Rob Moss,1996,1968
Gary Webb,1991,1961
Dennis Zinkon,1996,1960
Kevin Blanton,2000,1971
Conrad Ray,1999,1974
Don Walsworth,1990,1963
Patrick Lee,1996,1971
Eric Rustand,2000,1968
Ted Oh,1999,1976
Christian Chernock,1999,1972
Shane Supple,1997,1970
Kevin Dillen,1999,1961
Jason Tyska,1999,1971
Ashley Chinner,1993,1963
Mike Meehan,1999,1968
Pat Nanney jr,1999,1962
Darrett Brinker,1999,1970
Craig Matthew,1999,1975
Kevin Riley,1998,1971
Steve Pope,1999,1967
Brett Wayment,1999,1969
Jerry Foltz,1991,1962
Ren Budde,1999,1970
Gary March,1999,1966
Tom Silva,1999,1962
Tony Bordwell,1999,1972
Steven Young,1999,1977
Dino Lucchesi,1996,1962
Matthew Lane,1995,1968
Karl Zoller,1993,1963
Billy Downes,1995,1948
Ivan Smith,1998,1956
Jon Levitt,1998,1963
Rodney Butcher,1998,1970
Eric Bogar,1998,1970
Arden Knoll,1997,1962
Todd Gleaton,1997,1968
Terry Price,1997,1960
Greg Towne,1992,1959
Kevin Altenhof,1997,1967
P.J. Cowan,1996,1967
Joe Cioe,1995,1965
Richard Gilkey,1997,1964
Jay Synkelma,1997,1963
Eric Frishette,1997,1972
Bob Blean,1997,1962
Eric Epperson,1996,1964
Damon Green,1995,1960
Pat Fitzsimons,1996,1950
Jon Hough,1995,1964
Kelly Mitchum,1995,1971
Tom Stankowski,1995,1965
Perry Parker,1993,1964
Christian Pena,1994,1968
Brad King,1994,1965
Jorge Berendt,1994,1964
Monte Scheinblum,1994,1967
Alan T. Pate,1990,1953
Jim Lemon,1994,1978
Brian K. Smith,1994,1968
John Dal Corobbo,1994,1964
Chris Kaufman,1993,1966
Ron Stelten,1993,1956
Alan Schulte,1991,1962
