*2010,,,,
1, -,Lee Westwood,11,"$3,399,954"
2, -,Martin Kaymer,10,"$1,762,793"
3, -,Louis Oosthuizen,5,"$1,305,593"
4, -,Robert Karlsson,11,"$853,170"
5, -,Gregory Havret,2,"$810,000"
6, -,Charl Schwartzel,11,"$676,845"
7, -,Edoardo Molinari,8,"$636,518"
8, -,Francesco Molinari,8,"$358,196"
9, -,Bob Heintz,3,"$355,047"
10, -,WC Liang,4,"$245,436"
11, -,Alvaro Quiros,9,"$232,464"
12, -,Ken Duke,5,"$220,777"
13, -,Miguel A. Jimenez,7,"$213,000"
14, -,Robert Rock,1,"$186,239"
15, -,Peter Hanson,7,"$179,075"
16, -,Simon Dyson,8,"$171,071"
17, -,Tim Wilkinson,15,"$160,706"
18, -,Soren Kjeldsen,7,"$158,989"
19, -,Stephen Gallacher,2,"$149,245"
20, -,Ryo Ishikawa,10,"$149,180"
21, -,Thongchai Jaidee,8,"$98,685"
22, -,Yuta Ikeda,11,"$98,463"
23, -,Gary Woodland,8,"$95,815"
24, -,Sam Saunders,7,"$95,226"
25, -,Oliver Wilson,9,"$90,722"
26, -,Ignacio Garrido,1,"$87,840"
27, -,Seung-yul Noh,5,"$81,422"
28, -,Simon Khan,4,"$77,646"
29, -,Erik Compton,7,"$77,245"
30, -,Mike Small,8,"$69,665"
31, -,Ross Fisher,10,"$66,582"
32, -,Alejandro Canizares,2,"$55,956"
33, -,Chris Kirk,1,"$54,480"
34, -,Ross McGowan,6,"$48,722"
T35, -,Bradley Dredge,1,"$48,000"
T35, -,Marcel Siem,1,"$48,000"
37, -,David Horsey,2,"$46,700"
38, -,Jamie Lovemark,4,"$45,400"
T39, -,Kevin Chappell,2,"$44,000"
T39, -,John Ellis,1,"$44,000"
41, -,Darren Clarke,2,"$43,275"
42, -,Kyle Stanley,3,"$43,090"
43, -,Steve Allan,2,"$42,000"
44, -,Kyung-tae Kim,2,"$38,102"
45, -,Gonzalo Fdez-Castano,3,"$37,133"
46, -,Brandt Jobe,1,"$35,317"
47, -,Bobby Gates,2,"$34,722"
48, -,Toru Taniguchi,2,"$34,720"
T49, -,Shane Lowry,2,"$33,792"
T49, -,Colm Moriarty,1,"$33,792"
51, -,Ben Fox,3,"$33,540"
52, -,Fredrik Andersson Hed,2,"$31,843"
53, -,Todd Fischer,1,"$31,200"
54, -,Colin Montgomerie,3,"$30,978"
55, -,Rhys Davies,4,"$28,762"
56, -,Tag Ridings,1,"$28,594"
57, -,Jhonattan Vegas,1,"$26,483"
58, -,Michael Putnam,1,"$23,850"
T59, -,Jason Allred,1,"$23,385"
T59, -,Rafael Cabrera Bello,1,"$23,385"
T59, -,Jim Herman,1,"$23,385"
T62, -,Rob Grube,1,"$19,890"
T62, -,Adam Hadwin,1,"$19,890"
T62, -,Brock Mackenzie,1,"$19,890"
T65, -,Danny Chia,1,"$19,046"
T65, -,Zane Scotland,1,"$19,046"
67, -,Michael O'Neal,2,"$18,424"
68, -,Hiroyuki Fujita,4,"$18,368"
69, -,Peter Senior,1,"$18,048"
70, -,Drew Weaver,2,"$17,366"
T71, -,Hirofumi Miyase,1,"$17,126"
T71, -,Steven Tiley,1,"$17,126"
73, -,Andrew Coltart,1,"$16,742"
74, -,Gareth Maybin,2,"$16,672"
75, -,Thomas Aiken,1,"$16,358"
76, -,Erick Justesen,2,"$15,651"
77, -,Gregory Bourdy,2,"$15,225"
78, -,Danny Wax,1,"$14,450"
79, -,Rob Labritz,1,"$14,150"
80, -,Jason Schultz,1,"$13,845"
81, -,Jeff Burns,1,"$13,237"
82, -,Matthew Richardson,1,"$13,023"
T83, -,Thomas Levet,2,"$12,960"
T83, -,Santiago Luna,1,"$12,960"
85, -,Jon Mills,1,"$12,818"
86, -,"Jerry Richardson, Jr.",1,"$12,725"
87, -,Phil Schmitt,2,"$12,544"
88, -,Ty Tryon,1,"$12,293"
89, -,Brad Adamonis,4,"$12,060"
90, -,Alexandre Rocha,1,"$12,040"
T91, -,Pablo Martin,2,"$11,707"
T91, -,Jason Preeo,1,"$11,707"
93, -,Chris Rogers,2,"$11,704"
94, -,Casey Wittenberg,1,"$11,200"
95, -,Ryuichi Oda,2,"$11,165"
96, -,Alex Hamilton,2,"$10,836"
97, -,Seung-su Han,1,"$10,812"
98, -,Aaron Goldberg,3,"$10,615"
99, -,Andrew Svoboda,1,"$10,556"
100, -,Mark Anderson,1,"$10,203"
101, -,Kevin Hayashi,1,"$9,900"
102, -,Blake Trimble,1,"$9,752"
T103, -,Daniel Barbetti,1,"$9,481"
T103, -,Peter Gustafsson,1,"$9,481"
T103, -,Manuel Villegas,2,"$9,481"
106, -,Billy Hurley III,1,"$8,560"
107, -,Warren Schutte,1,"$8,471"
108, -,Matt Hill,5,"$7,305"
*2009,,,,
1,1,Henrik Stenson,10,"$2,550,185"
2,2,Lee Westwood,8,"$1,085,414"
3,3,Rory McIlroy,11,"$849,719"
4,4,Graeme McDowell,11,"$645,516"
5,5,Ross Fisher,10,"$544,547"
6,6,Martin Kaymer,11,"$454,657"
7,7,Soren Hansen,8,"$432,644"
8,8,Chris Wood,2,"$428,442"
9,9,Jeev M. Singh,15,"$378,686"
10,10,Shingo Katayama,6,"$360,000"
11,11,Danny Lee,12,"$359,846"
12,12,Francesco Molinari,4,"$304,368"
13,13,Soren Kjeldsen,7,"$280,919"
14,14,Oliver Wilson,9,"$229,273"
15,15,Kevin Chappell,3,"$197,488"
16,16,Peter Hanson,5,"$159,459"
17,17,Miguel A. Jimenez,8,"$148,099"
18,18,Thomas Aiken,3,"$147,172"
19,19,Todd Fischer,3,"$136,701"
20,23,Kyle Stanley,7,"$132,039"
21,20,Robert Karlsson,6,"$130,237"
22,21,Chris Baryla,3,"$123,038"
23,22,Thongchai Jaidee,4,"$114,601"
24, -,Rickie Fowler,4,"$113,700"
25,24,Thomas Levet,3,"$80,755"
26,25,Charl Schwartzel,6,"$76,741"
27,26,Johan Edfors,3,"$74,336"
28,27,Jose Manuel Lara,2,"$72,000"
29,28,Azuma Yano,4,"$71,485"
30,29,Gonzalo Fernandez,5,"$70,617"
31,30,Richard Sterne,8,"$66,518"
32,31,Alvaro Quiros,9,"$65,579"
33,32,Tadd Fujikawa,4,"$61,892"
34,33,Derek Lamely,2,"$58,188"
35,34,Brendan Jones,2,"$53,113"
T36,T35,James Kingston,2,"$47,794"
T36,T35,Kenichi Kuboya,1,"$47,794"
38,37,Darren Clarke,7,"$34,479"
39,38,Nick Dougherty,3,"$31,176"
40,39,Erik Compton,4,"$27,524"
41,40,Ryo Ishikawa,6,"$26,217"
T42,T41,Branden Grace,1,"$25,539"
T42,T41,Paul McGinley,2,"$25,539"
T42,T41,Anthony Wall,2,"$25,539"
45,44,Martin Piller,1,"$22,570"
T46,T45,Jean-Francois Lucquin,1,"$22,501"
T46,T45,Andrew McLardy,2,"$22,501"
48,47,Hideto Tanihara,1,"$21,600"
49,48,Paul Lawrie,1,"$21,571"
T50,T49,Jeff Brehaut,1,"$20,630"
T50,T49,Trevor Murphy,1,"$20,630"
52,51,Vance Veazey,1,"$19,600"
T53,T52,David Howell,1,"$18,295"
T53,T52,Graeme Storm,1,"$18,295"
T55,T54,Paul Broadhurst,1,"$17,013"
T55,T54,David Drysdale,1,"$17,013"
57,56,Fredrik Andersson,1,"$16,199"
58,57,Hiroyuki Fujita,1,"$15,525"
59,58,Robert Gates,1,"$15,177"
60,59,Daniel Gaunt,1,"$15,140"
61,60,Richard Green,2,"$15,000"
62,61,Steve Wheatcroft,1,"$14,907"
63,62,Alan Wagner,1,"$14,700"
64,63,Jose de Jesus Rodriguez,1,"$14,400"
65,64,David Smail,3,"$14,050"
T66,T65,Graham Delaet,1,"$13,872"
T66,T65,Jamie Lovemark,3,"$13,872"
68,67,Gregory Bisconti,1,"$13,600"
69,68,,1,"$13,300"
70,69,Alastair Forsyth,1,"$13,100"
71,70,Louis Oosthuizen,6,"$12,660"
72,71,Luke List,1,"$12,600"
73,72,Matt Harmon,1,"$11,893"
74,73,Matthew Loving,1,"$11,712"
T75,T74,John Ellis,1,"$11,651"
T75,T74,Chris Kirk,2,"$11,651"
77,76,Fernando Mechereffe,1,"$11,271"
78,77,Mike Grob,1,"$11,118"
79,78,Andres Gonzales,1,"$10,965"
80,79,Rich Barcelo,1,"$10,500"
81,80,Lucas Lee,1,"$10,251"
82,81,Jyunpei Takayama,1,"$9,936"
83,82,,2,"$9,434"
T84,T83,Felipe Aguilar,1,"$9,364"
T84,T83,Estanislao Goya,1,"$9,364"
T84,T83,Manuel Villegas,1,"$9,364"
87,86,Andrew Ruthkoski,2,"$8,428"
88,87,Andy Matthews,1,"$7,700"
89,88,Ryan Helminen,1,"$7,360"
T90,T89,Esteban Toledo,2,"$7,344"
T90,T89,James Vargas,1,"$7,344"
*2008,,,,
1, -,Henrik Stenson,9,"$1,238,118"
2, -,Robert Karlsson,8,"$812,185"
3, -,Miguel A. Jimenez,8,"$486,446"
4, -,Jeev M. Singh,5,"$252,849"
5, -,Niclas Fasth,10,"$210,565"
6, -,Alastair Forsyth,2,"$194,416"
7, -,David Howell,3,"$193,743"
8, -,Graeme McDowell,4,"$182,545"
9, -,Casey Wittenberg,4,"$167,520"
10, -,Liang Wen-chong,6,"$146,728"
11, -,Richard Sterne,8,"$137,419"
12, -,D.A. Points,3,"$126,918"
13, -,Esteban Toledo,3,"$111,305"
14, -,Prayad Marksaeng,4,"$107,060"
15, -,Anders Hansen,6,"$105,725"
16, -,Richard Green,9,"$92,960"
T17, -,Gregory Havret,2,"$75,485"
T17, -,Alexander Noren,1,"$75,485"
T17, -,Jean Van De Velde,1,"$75,485"
T17, -,Simon Wakefield,1,"$75,485"
T17, -,,1,"$75,485"
22, -,Soren Hansen,9,"$70,466"
23, -,Pablo Martin Benavide,3,"$60,143"
24, -,Nick Dougherty,8,"$60,062"
25, -,,3,"$57,000"
26, -,Ryan Blaum,1,"$54,250"
27, -,Michael Campbell,6,"$48,054"
28, -,,1,"$48,000"
29, -,Chip Sullivan,6,"$45,559"
30, -,Alvaro Quiros,2,"$45,066"
31, -,Tom Gillis,3,"$38,915"
32, -,Webb Simpson,6,"$38,460"
33, -,,3,"$37,724"
34, -,Martin Kaymer,8,"$37,638"
35, -,Peter Hanson,4,"$37,534"
T36, -,Robert Dinwiddie,1,"$35,709"
T36, -,Oliver Wilson,4,"$35,709"
T38, -,Thomas Aiken,1,"$33,267"
T38, -,Gregory Bourdy,1,"$33,267"
T38, -,Ariel Canete,1,"$33,267"
T38, -,Ross Fisher,6,"$33,267"
T38, -,Simon Khan,1,"$33,267"
T38, -,Graeme Storm,3,"$33,267"
44, -,,4,"$32,625"
45, -,Ian Woosnam,1,"$26,250"
46, -,,1,"$25,143"
47, -,Jarrod Lyle,1,"$23,985"
48, -,Anthony Wall,1,"$23,554"
49, -,Diego Vanegas,1,"$22,775"
T50, -,Richard Finch,2,"$21,284"
T50, -,Colin Montgomerie,7,"$21,284"
52, -,Yusaku Miyazato,1,"$20,670"
53, -,Jonathan Lomas,1,"$20,385"
54, -,Jhonnathan Vegas,1,"$19,828"
T55, -,Jean Baptiste Gonnet,1,"$19,785"
T55, -,,1,"$19,785"
T57, -,Brendan Jones,5,"$18,686"
T57, -,Pablo Larrazabal,3,"$18,686"
T57, -,Jose Filipe Lima,1,"$18,686"
T57, -,Martin Wiegele,1,"$18,686"
61, -,Philip Archer,2,"$17,187"
62, -,Chih-Bing Lam,1,"$16,787"
63, -,Charl Schwartzel,1,"$16,250"
64, -,,5,"$16,129"
65, -,Toru Taniguchi,7,"$16,120"
66, -,James Kingston,5,"$15,750"
67, -,Spencer Levin,1,"$15,518"
68, -,Robert Floyd,3,"$15,264"
69, -,Stuart Deane,2,"$15,214"
T70, -,Andrew Dresser,1,"$15,189"
T70, -,Andrew Svoboda,1,"$15,189"
72, -,Justin Hicks,1,"$14,306"
73, -,Hiroyuki Fujita,1,"$14,150"
74, -,,1,"$13,718"
75, -,Louis Oosthuizen,3,"$13,700"
76, -,Bubba Dickerson,1,"$13,640"
77, -,Jonathan Moore,2,"$12,265"
78, -,Peter Karmis,1,"$11,940"
79, -,Kiyoshi Miyazato,1,"$11,925"
80, -,Mitsuhiro Tateyama,1,"$11,448"
81, -,Anton Haig,2,"$11,280"
82, -,John Douma,1,"$11,150"
83, -,David Hearn,2,"$11,100"
84, -,Pete Jordan,1,"$10,725"
85, -,Bryan Decorso,1,"$10,600"
86, -,Alan Morin,2,"$10,505"
87, -,Derek Lamely,1,"$10,494"
88, -,Chip Deason,1,"$10,350"
89, -,Reid Edstrom,1,"$10,340"
90, -,Erik Compton,1,"$10,074"
91, -,Keiichiro Fukabori,1,"$9,805"
92, -,Deane Pappas,3,"$9,573"
93, -,Rod Perry,1,"$9,154"
94, -,Dustin Risdon,1,"$9,100"
95, -,Michael Ruiz,1,"$8,692"
96, -,Jon Turcott,2,"$8,360"
97, -,Scott Piercy,2,"$7,630"
98, -,Casey Bourque,1,"$7,462"
99, -,Miguel Suarez,1,"$7,350"
100, -,Wilfredo Morales,1,"$6,545"
*2007,,,,
1, -,Jay Williamson,14,"$835,515"
2, -,Andres Romero,3,"$596,414"
3, -,Paul Casey,10,"$553,270"
4, -,Richard Green,5,"$446,070"
5, -,Robert Karlsson,13,"$424,870"
6, -,Niclas Fasth,10,"$404,655"
7, -,Nick Dougherty,3,"$227,922"
8, -,Simon Dyson,1,"$227,500"
9, -,Paul McGinley,5,"$144,152"
10, -,Miguel A. Jimenez,5,"$142,991"
T11, -,Markus Brier,2,"$120,458"
T11, -,Paul Broadhurst,2,"$120,458"
T11, -,Pelle Edberg,1,"$120,458"
14, -,Peter Hanson,3,"$116,159"
15, -,Alejandro Canizares,3,"$111,900"
16, -,Todd Fischer,4,"$92,000"
17, -,Jeev Milkha Singh,12,"$79,179"
18, -,Charl Schwartzel,6,"$77,803"
19, -,Shingo Katayama,7,"$74,928"
20, -,Y.E. Yang,9,"$53,480"
21, -,Graeme McDowell,3,"$52,768"
22, -,Andy Bare,1,"$52,143"
23, -,Johan Edfors,8,"$51,005"
24, -,Pablo Martin,6,"$45,313"
25, -,Kyle Thompson,1,"$42,900"
26, -,Mark B. Foster,1,"$41,352"
27, -,Michael Campbell,9,"$39,582"
28, -,Thomas Bjorn,6,"$37,044"
29, -,Colin Montgomerie,9,"$35,989"
30, -,Kenneth Ferrie,2,"$31,084"
31, -,Franklin Langham,1,"$30,720"
32, -,Ross Bain,1,"$29,821"
33, -,Colt Knost,4,"$27,483"
34, -,Won Joon Lee,1,"$26,736"
35, -,Fabrizio Zanotti,1,"$25,900"
36, -,Marcus Fraser,1,"$25,016"
37, -,Gregory Bourdy,1,"$23,394"
38, -,Bradley Dredge,4,"$22,533"
39, -,Toru Taniguchi,4,"$21,594"
40, -,Jon Bevan,1,"$21,080"
41, -,Raphael Jacquelin,3,"$20,669"
42, -,Alastair Forsyth,1,"$20,258"
43, -,Fredrik Andersson,1,"$19,846"
44, -,Andrew Ruthkoski,2,"$19,112"
45, -,Kaname Yokoo,2,"$16,640"
46, -,Kelly Mitchum,4,"$16,326"
47, -,Graeme Storm,3,"$13,650"
48, -,Yusaku Miyazato,1,"$13,537"
49, -,Mike Small,2,"$13,050"
50, -,Ryan Benzel,1,"$12,900"
51, -,Ricky Barnes,2,"$12,540"
52, -,Matt Every,2,"$12,420"
53, -,Todd Demsey,1,"$12,411"
54, -,Esteban Toledo,2,"$12,250"
55, -,Bill Lunde,1,"$12,093"
56, -,Martin Rominger,1,"$11,163"
T57, -,Tom Gillis,3,"$11,152"
T57, -,Lee Williams,2,"$11,152"
59, -,Alan Morin,1,"$11,000"
T60, -,Joe Daley,2,"$10,920"
T60, -,Azuma Yano,1,"$10,920"
62, -,David Hearn,1,"$10,850"
63, -,Mike Grob,1,"$10,200"
64, -,Chris Baryla,1,"$9,800"
65, -,Brady Schnell,1,"$9,102"
66, -,Ryan Blaum,1,"$8,800"
67, -,Bronson La'Cassie,1,"$8,692"
68, -,Tony Finau,1,"$7,960"
69, -,Paul Trittler,1,"$7,640"
70, -,Oliver Thomson,2,"$7,630"
71, -,Andres Gonzales,1,"$7,120"
*2006,,,,
1, -,Angel Cabrera,12,"$623,504"
2, -,Henrik Stenson,10,"$582,303"
3, -,Colin Montgomerie,8,"$501,249"
4, -,Anthony Kim,2,"$338,067"
5, -,Miguel A. Jimenez,8,"$334,011"
6, -,Michael Campbell,10,"$323,983"
7, -,Hideto Tanihara,2,"$310,831"
8, -,Paul Casey,8,"$209,401"
9, -,Kenneth Ferrie,3,"$183,255"
10, -,Andres Romero,2,"$177,225"
11, -,Jason Day,7,"$174,508"
12, -,Ken Duke,2,"$138,231"
13, -,Scott Piercy,6,"$132,042"
14, -,Paul McGinley,9,"$130,734"
T15, -,S.K. Ho,2,"$128,891"
T15, -,Anthony Wall,3,"$128,891"
17, -,Robert Karlsson,5,"$118,283"
18, -,Charl Schwartzel,8,"$108,282"
19, -,Thomas Bjorn,7,"$104,773"
T20, -,Mikko Ilonen,1,"$83,655"
T20, -,Robert Rock,1,"$83,655"
T20, -,Brett Rumford,1,"$83,655"
23, -,Shingo Katayama,6,"$82,262"
24, -,Kevin Stadler,6,"$75,973"
25, -,Peter Hedblom,2,"$74,252"
26, -,Roland Thatcher,1,"$74,250"
27, -,Scott Hend,6,"$61,162"
T28, -,Paul Broadhurst,4,"$54,097"
T28, -,Lee Slattery,1,"$54,097"
30, -,Stephen Gangluff,2,"$53,584"
31, -,Anders Hansen,1,"$53,100"
32, -,Jason Allred,2,"$52,500"
33, -,David Hearn,1,"$50,438"
T34, -,Simon Khan,2,"$45,546"
T34, -,Thaworn Wiratchant,3,"$45,546"
36, -,Mike Small,9,"$40,256"
37, -,Marcus Fraser,1,"$36,483"
38, -,Parker McLachlin,2,"$34,674"
T39, -,Chad Collins,1,"$29,459"
T39, -,Jason Dufner,2,"$29,459"
T39, -,Lee Williams,1,"$29,459"
42, -,Jason Caron,1,"$29,260"
43, -,Richard Green,4,"$29,250"
44, -,Don Yrene,2,"$29,239"
45, -,Billy Hurley III,6,"$28,910"
46, -,Yusaku Miyazato,2,"$28,163"
47, -,Soren Kjeldsen,1,"$27,619"
48, -,WC Liang,1,"$25,850"
T49, -,John Bickerton,4,"$21,578"
T49, -,Simon Dyson,2,"$21,578"
T49, -,Gonzalo Fdez-Castano,5,"$21,578"
T49, -,Andrew Marshall,1,"$21,578"
T49, -,Simon Wakefield,2,"$21,578"
54, -,Philip Archer,1,"$20,482"
55, -,Yasuharu Imano,2,"$20,400"
56, -,Scott Sterling,1,"$20,280"
57, -,Rob Oppenheim,2,"$19,500"
58, -,Keiichiro Fukabori,4,"$19,148"
59, -,Andrew Buckle,2,"$18,497"
60, -,Marco Ruiz,1,"$18,125"
61, -,Jeev Milkha Singh,3,"$16,676"
62, -,Franklin Langham,1,"$16,642"
63, -,John Mallinger,3,"$16,354"
64, -,Esteban Toledo,2,"$15,567"
65, -,Azuma Yano,1,"$14,007"
66, -,Stuart Deane,1,"$13,140"
67, -,Jim Kane,1,"$12,725"
68, -,Will Moore,2,"$12,168"
69, -,Chris Parra,1,"$12,152"
70, -,Kane Webber,1,"$12,045"
T71, -,Patrick Damron,1,"$11,660"
T71, -,Scott Parel,1,"$11,660"
73, -,Spencer Levin,1,"$11,520"
74, -,Madalitso Muthiya,3,"$11,100"
75, -,Casey Wittenberg,1,"$10,868"
76, -,Brent Delahoussaye,1,"$10,550"
77, -,Joel Kribel,2,"$10,476"
78, -,Sonny Skinner,1,"$9,646"
79, -,Scott Miller,3,"$9,588"
80, -,Kaname Yokoo,2,"$9,180"
81, -,Chris Starkjohann,1,"$8,976"
82, -,Matt Every,3,"$8,505"
83, -,Andres Gonzales,1,"$8,400"
84, -,Scott Harrington,1,"$7,480"
85, -,David Roesch,1,"$7,400"
86, -,Ricky Barnes,2,"$6,947"
87, -,Eli Zackheim,1,"$6,810"
88, -,Jin Park,1,"$6,450"
89, -,Phil Schmitt,2,"$5,460"
*2005,,,,
1, -,Michael Campbell,5,"$1,585,560"
2, -,Colin Montgomerie,6,"$962,069"
3, -,Graeme McDowell,14,"$814,359"
4, -,Ryan Moore,14,"$686,250"
5, -,Thomas Bjorn,8,"$651,267"
6, -,Trevor Immelman,14,"$614,867"
7, -,Nick O'Hern,13,"$550,502"
8, -,Richard Green,11,"$256,807"
9, -,Angel Cabrera,11,"$242,028"
10, -,Michael Putnam,5,"$229,733"
11, -,David Howell,12,"$224,450"
12, -,Scott Dunlap,3,"$204,500"
13, -,Nick Faldo,5,"$184,649"
14, -,Jaxon Brigman,2,"$162,961"
15, -,Bill Haas,6,"$159,586"
16, -,Paul McGinley,6,"$139,017"
17, -,Peter Hedblom,1,"$123,857"
18, -,Joel Kribel,2,"$112,360"
19, -,Miguel A. Jimenez,9,"$109,398"
20, -,Chris Couch,1,"$96,667"
21, -,Shingo Katayama,5,"$96,020"
22, -,Spencer Levin,7,"$78,082"
23, -,Esteban Toledo,7,"$76,887"
24, -,Casey Wittenberg,9,"$67,548"
25, -,Michael Harris,2,"$65,430"
T26, -,Scott Drummond,1,"$56,947"
T26, -,Nick Flanagan,1,"$56,947"
T26, -,Tadahiro Takayama,1,"$56,947"
29, -,Peter Tomasulo,2,"$55,027"
30, -,Henrik Stenson,4,"$53,919"
31, -,Peter Hanson,3,"$51,891"
32, -,Matt Hendrix,1,"$51,429"
33, -,Nick Dougherty,6,"$47,467"
34, -,Scott Piercy,4,"$47,140"
35, -,Steve Webster,2,"$39,586"
36, -,Toru Taniguchi,7,"$38,880"
37, -,Simon Dyson,2,"$38,548"
38, -,Marcel Siem,1,"$29,150"
T39, -,Hiroyuki Fujita,1,"$26,243"
T39, -,Soren Hansen,1,"$26,243"
T39, -,Simon Khan,1,"$26,243"
T39, -,Maarten Lafeber,2,"$26,243"
43, -,Y.E. Yang,4,"$22,856"
44, -,Steve Schneiter,1,"$22,300"
45, -,Mike Small,2,"$21,900"
46, -,Kevin Streelman,2,"$21,695"
47, -,Sean Murphy,3,"$21,120"
48, -,Bob Sowards,7,"$19,162"
T49, -,Thongchai Jaidee,4,"$19,154"
T49, -,Paul Lawrie,1,"$19,154"
51, -,Soren Kjeldsen,1,"$17,667"
T52, -,John Bickerton,1,"$17,522"
T52, -,Tino Schuster,1,"$17,522"
T54, -,Robert Rock,1,"$16,383"
T54, -,David Smail,1,"$16,383"
56, -,Camilo Villegas,2,"$16,300"
57, -,Erik Compton,1,"$15,895"
58, -,Patrik Sjoland,1,"$15,770"
59, -,S.K. Ho,3,"$15,419"
T60, -,Keiichiro Fukabori,1,"$15,223"
T60, -,Jonathan Lomas,1,"$15,223"
62, -,Graeme Storm,1,"$14,806"
63, -,Steve Marino,1,"$14,542"
64, -,Stephen Gangluff,1,"$14,161"
65, -,John Mallinger,1,"$13,553"
66, -,"Ron Philo, Jr.",1,"$12,750"
67, -,Brandt Snedeker,2,"$12,731"
68, -,Jason Hartwick,1,"$12,090"
69, -,Kelly Grunewald,1,"$11,935"
70, -,Paul Sheehan,1,"$11,715"
71, -,Darrell Kestner,1,"$11,700"
72, -,Kevin Johnson,1,"$11,330"
73, -,Steve Collins,1,"$11,250"
74, -,Wil Collins,2,"$11,200"
75, -,Eric Axley,2,"$11,100"
76, -,Colby Beckstrom,2,"$11,095"
77, -,Charley Hoffman,1,"$10,656"
T78, -,Casey Martin,1,"$10,547"
T78, -,Chris Nallen,1,"$10,547"
80, -,Don Yrene,2,"$10,452"
81, -,Chris Starkjohann,4,"$9,917"
82, -,Rick Heath,1,"$9,735"
83, -,Ahmad Bateman,1,"$9,625"
84, -,Camilo Benedetti,1,"$9,600"
85, -,Greg Meyer,1,"$8,928"
86, -,Nick Gilliam,3,"$8,926"
87, -,Jason Knutzon,1,"$8,920"
88, -,Steven Bowditch,1,"$8,299"
89, -,Gavin Flint,1,"$7,932"
90, -,Akio Sadakata,2,"$7,315"
91, -,David Lundstrom,2,"$7,000"
92, -,Rich Barcelo,3,"$6,945"
93, -,Ben Portie,1,"$6,780"
94, -,P.H. Horgan III,2,"$6,540"
95, -,Ryan Dillon,1,"$6,060"
*2004,,,,
1, -,Padraig Harrington,12,"$1,882,276"
2, -,Lee Westwood,11,"$526,899"
3, -,Paul Casey,11,"$517,939"
4, -,Bill Haas,10,"$315,259"
5, -,Camilo Villegas,10,"$237,984"
6, -,Angel Cabrera,8,"$237,839"
7, -,Paul McGinley,5,"$215,101"
8, -,Ian Poulter,9,"$176,318"
9, -,Phillip Price,12,"$150,749"
10, -,Brian Davis,7,"$110,250"
11, -,Trevor Immelman,12,"$109,560"
12, -,Barry Lane,3,"$105,802"
13, -,Joakim Haeggman,5,"$105,316"
14, -,Colin Montgomerie,6,"$96,479"
15, -,Michael Campbell,6,"$86,006"
16, -,Casey Wittenberg,9,"$85,670"
17, -,Ricky Barnes,7,"$85,520"
18, -,Jean-Francois Remesy,3,"$76,857"
19, -,Keiichiro Fukabori,5,"$73,063"
20, -,Gary Evans,1,"$71,346"
21, -,Miguel A. Jimenez,7,"$66,367"
22, -,Jyoti Randhawa,3,"$60,665"
23, -,Takashi Kamiyama,1,"$54,305"
24, -,Brandt Snedeker,9,"$54,215"
25, -,Kevin Stadler,5,"$49,541"
26, -,David Roesch,2,"$48,024"
27, -,Eduardo Romero,6,"$43,750"
28, -,Hideto Tanihara,3,"$41,729"
29, -,Nick Faldo,6,"$40,460"
T30, -,Kim Felton,1,"$35,111"
T30, -,Tetsuji Hiratsuka,4,"$35,111"
T32, -,Nick O'Hern,2,"$34,250"
T32, -,Chip Sullivan,1,"$34,250"
34, -,Mike Small,2,"$33,360"
35, -,Paul Lawrie,5,"$32,663"
36, -,Geoffrey Sisk,2,"$30,672"
37, -,Tim Wilkinson,1,"$29,820"
T38, -,Kenneth Ferrie,1,"$27,714"
T38, -,Andy Oldcorn,1,"$27,714"
40, -,Doug Barron,1,"$23,291"
41, -,Pete Jordan,2,"$23,280"
42, -,Kelly Mitchum,2,"$22,432"
T43, -,Paul Bradshaw,1,"$22,404"
T43, -,Alastair Forsyth,1,"$22,404"
T43, -,Sean Whiffin,1,"$22,404"
T46, -,Jason Hartwick,2,"$21,306"
T46, -,Tim Thelen,5,"$21,306"
48, -,Kevin Durkin,2,"$21,197"
T49, -,Ignacio Garrido,1,"$19,756"
T49, -,Raphael Jacquelin,2,"$19,756"
51, -,James Kingston,1,"$19,101"
52, -,Steve Friesen,1,"$18,550"
T53, -,Paul Broadhurst,1,"$18,539"
T53, -,Gary Emerson,1,"$18,539"
55, -,David Howell,3,"$18,500"
56, -,Franklin Langham,1,"$18,450"
57, -,Mark B. Foster,1,"$18,071"
58, -,Marten Olander,1,"$17,696"
T59, -,Martin Erlandsson,1,"$17,322"
T59, -,Paul Wesselingh,1,"$17,322"
61, -,Christian Cevaer,1,"$16,760"
62, -,Casey Martin,2,"$15,858"
63, -,S.K. Ho,4,"$13,200"
64, -,Shingo Katayama,3,"$12,650"
65, -,Scott Drummond,4,"$12,350"
66, -,Lian-wei Zhang,4,"$12,072"
67, -,Roy Biancalana,2,"$11,900"
68, -,Jim Rutledge,1,"$11,898"
69, -,Jeff Coston,1,"$11,800"
70, -,Andrew McLardy,3,"$11,526"
71, -,Edward Loar,1,"$11,400"
72, -,Charley Hoffman,1,"$11,296"
T73, -,Erik Compton,2,"$11,050"
T73, -,Sven Struver,2,"$11,050"
75, -,Kenichi Kuboya,1,"$10,944"
76, -,Bryce Molder,3,"$10,716"
77, -,David Ishii,1,"$10,464"
78, -,Chris Nallen,3,"$10,366"
79, -,Chris Stroud,1,"$10,350"
80, -,Darren Fichardt,3,"$10,133"
81, -,Scott Gutschewski,1,"$9,858"
82, -,Vance Veazey,1,"$9,776"
83, -,Brad Adamonis,1,"$9,713"
84, -,Bobby Kalinowski,1,"$9,648"
85, -,Matt Weibring,1,"$9,324"
86, -,Dirk Ayers,1,"$8,550"
87, -,Chez Reavie,2,"$7,840"
88, -,Adam Meyer,1,"$7,490"
T89, -,Hiroyuki Fujita,2,"$7,388"
T89, -,Brock Mackenzie,3,"$7,388"
91, -,Matt Hendrix,3,"$6,750"
92, -,Nick Gilliam,1,"$6,510"
93, -,Don Yrene,2,"$6,480"
94, -,Tim Conley,1,"$6,420"
95, -,Nick Flanagan,10,"$6,180"
*2003,,,,
1, -,Padraig Harrington,11,"$961,235"
2, -,Hank Kuehne,23,"$872,139"
3, -,Fredrik Jacobson,8,"$786,771"
4, -,Stephen Leaney,9,"$723,986"
5, -,Justin Rose,11,"$599,874"
6, -,Thomas Bjorn,6,"$548,412"
7, -,Niclas Fasth,14,"$481,982"
8, -,Nick Faldo,7,"$262,258"
9, -,Brian Davis,4,"$228,611"
10, -,Paul Lawrie,7,"$225,974"
11, -,Phillip Price,9,"$225,926"
12, -,Jeff Gallagher,10,"$163,900"
13, -,Eduardo Romero,12,"$156,515"
14, -,Paul Casey,7,"$136,700"
15, -,Mathias Gronberg,4,"$128,013"
16, -,Trevor Immelman,12,"$126,150"
17, -,Gary Evans,2,"$121,413"
18, -,Hennie Otto,3,"$108,093"
19, -,Hunter Mahan,9,"$106,300"
20, -,Pierre Fulke,3,"$78,420"
21, -,Nick Watney,8,"$73,255"
22, -,Toshi Izawa,6,"$73,000"
23, -,Lee Westwood,8,"$63,590"
24, -,Shingo Katayama,5,"$61,499"
25, -,Peter Fowler,1,"$52,324"
26, -,Colin Montgomerie,12,"$50,523"
T27, -,Mark B. Foster,2,"$41,330"
T27, -,S.K. Ho,1,"$41,330"
T27, -,Paul McGinley,3,"$41,330"
T27, -,Andy Oldcorn,1,"$41,330"
31, -,Todd Hamilton,3,"$36,600"
32, -,Michael Muehr,7,"$35,376"
T33, -,Barry Cheesman,2,"$32,910"
T33, -,Chris Downes,1,"$32,910"
35, -,Gary Nicklaus,6,"$32,300"
36, -,Yasuharu Imano,3,"$31,275"
37, -,Ian Poulter,4,"$30,859"
38, -,Matt Peterson,2,"$29,962"
T39, -,Adam Mednick,1,"$29,849"
T39, -,Gary Murphy,1,"$29,849"
T39, -,Marco Ruiz,1,"$29,849"
42, -,Kelly Mitchum,3,"$20,795"
T43, -,Markus Brier,1,"$18,859"
T43, -,Anthony Wall,1,"$18,859"
45, -,Troy Matteson,3,"$18,135"
46, -,Mario Tiziani,1,"$17,780"
T47, -,Raphael Jacquelin,2,"$16,214"
T47, -,David Lynn,1,"$16,214"
T47, -,Mark McNulty,1,"$16,214"
50, -,Alastair Forsyth,3,"$15,181"
51, -,Jeff Quinney,2,"$14,550"
52, -,Mike Small,1,"$14,430"
53, -,Katsuyoshi Tomori,1,"$13,988"
54, -,Ian Woosnam,2,"$13,432"
55, -,Ryan Dillon,1,"$13,334"
56, -,Michael Flynn,1,"$12,600"
57, -,Charles Warren,2,"$11,984"
58, -,Danny Briggs,1,"$11,712"
59, -,Mark Walker,1,"$11,536"
60, -,Todd Rose,1,"$11,100"
61, -,Peter O'Malley,3,"$11,050"
62, -,Alan Morin,4,"$10,150"
63, -,Tim Wilkinson,1,"$9,900"
64, -,"Joe Acosta, Jr.",3,"$9,765"
65, -,Chip Sullivan,2,"$9,675"
66, -,Graeme McDowell,3,"$9,620"
67, -,Michael Harris,1,"$9,450"
T68, -,Derek Gillespie,1,"$8,988"
T68, -,Jon Mills,1,"$8,988"
70, -,Mark Hensby,1,"$8,880"
71, -,Yusaku Miyazato,4,"$8,775"
72, -,David Morland IV,1,"$8,022"
73, -,D.J. Trahan,6,"$7,880"
T74, -,Scott Dunlap,1,"$7,600"
T74, -,Ryuji Imada,1,"$7,600"
76, -,Edward Fryatt,1,"$7,280"
77, -,Pete Jordan,1,"$6,720"
*2002,,,,
1, -,Padraig Harrington,9,"$806,797"
2, -,Darren Clarke,11,"$665,911"
3, -,Angel Cabrera,13,"$632,546"
4, -,Michael Campbell,11,"$614,250"
5, -,Thomas Levet,3,"$532,186"
6, -,Greg Norman,13,"$467,988"
7, -,Thomas Bjorn,9,"$360,629"
8, -,Bryce Molder,22,"$348,028"
9, -,Adam Scott,10,"$339,157"
10, -,Nick Faldo,5,"$321,208"
11, -,Gary Evans,2,"$221,228"
12, -,Colin Montgomerie,10,"$188,095"
13, -,Toru Taniguchi,8,"$170,510"
14, -,Pierre Fulke,4,"$148,639"
15, -,Soren Hansen,4,"$139,466"
16, -,David Howser,3,"$133,475"
17, -,Peter O'Malley,6,"$128,766"
18, -,Ricardo Gonzalez,4,"$121,709"
19, -,Paul McGinley,10,"$120,823"
20, -,Cliff Kresge,2,"$101,370"
21, -,Justin Rose,4,"$94,816"
22, -,Lee Westwood,9,"$94,710"
23, -,Hank Kuehne,6,"$80,840"
24, -,Niclas Fasth,9,"$73,628"
25, -,Toshi Izawa,7,"$69,204"
26, -,Shingo Katayama,8,"$66,277"
27, -,Todd Fischer,1,"$60,000"
28, -,Zach Johnson,2,"$57,000"
29, -,Paul Casey,9,"$55,921"
30, -,Phillip Price,7,"$54,133"
31, -,Paul Lawrie,8,"$50,335"
32, -,Bubba Dickerson,10,"$44,141"
33, -,Todd Barranger,1,"$43,200"
34, -,Dean Wilson,4,"$41,344"
35, -,Jeff Quinney,5,"$40,310"
T36, -,Bradley Dredge,1,"$37,925"
T36, -,Des Smyth,1,"$37,925"
38, -,Kevin Johnson,1,"$37,100"
39, -,Jason Caron,1,"$35,639"
40, -,James Driscoll,6,"$34,293"
41, -,Hiroyuki Fujita,1,"$33,714"
42, -,Graeme McDowell,3,"$31,910"
T43, -,Andrew Coltart,1,"$26,732"
T43, -,Stephen Leaney,2,"$26,732"
T43, -,Ian Woosnam,3,"$26,732"
46, -,Ken Duke,4,"$23,163"
47, -,Mario Tiziani,3,"$22,603"
48, -,Erik Compton,5,"$22,438"
T49, -,Trevor Immelman,2,"$21,728"
T49, -,Carl Pettersson,3,"$21,728"
51, -,John Maginnes,2,"$21,701"
52, -,Rafael Gomez,1,"$21,150"
T53, -,Robert Karlsson,2,"$20,072"
T53, -,Jean Van de Velde,1,"$20,072"
55, -,Paul Eales,1,"$18,962"
56, -,Tom Gillis,2,"$18,414"
57, -,Steve Scott,3,"$16,640"
58, -,Aaron Baddeley,3,"$16,380"
59, -,Lucas Glover,6,"$16,349"
60, -,Craig Bowden,2,"$16,294"
T61, -,Fredrik Andersson,1,"$16,223"
T61, -,Warren Bennett,1,"$16,223"
T61, -,Ian Garbutt,1,"$16,223"
T61, -,Mikko Ilonen,1,"$16,223"
T61, -,Barry Lane,1,"$16,223"
T61, -,Ian Poulter,1,"$16,223"
67, -,Derek Gillespie,2,"$16,000"
T68, -,Richard Green,1,"$14,696"
T68, -,Kenichi Kuboya,2,"$14,696"
70, -,Doug Barron,6,"$14,368"
71, -,Richie Coughlan,5,"$13,955"
72, -,Jarrod Moseley,1,"$13,906"
73, -,Hunter Haas,1,"$13,545"
74, -,Matthew Cort,1,"$13,195"
75, -,Chip Sullivan,1,"$12,966"
T76, -,Andy Miller,2,"$12,794"
T76, -,Jeev Milkha Singh,1,"$12,794"
T78, -,Anders Hansen,4,"$12,247"
T78, -,Roger Wessels,1,"$12,247"
80, -,David Park,1,"$12,010"
81, -,Brian Wilson,1,"$10,860"
82, -,Don Berry,1,"$10,750"
83, -,David Tentis,1,"$10,500"
84, -,JC Anderson,1,"$9,552"
85, -,Michael Connell,2,"$8,976"
86, -,Todd Doohan,1,"$8,920"
87, -,David Ishii,1,"$8,520"
88, -,Sean Murphy,2,"$8,284"
89, -,Robert L. Thompson,2,"$8,120"
90, -,Dave Christensen,1,"$8,080"
91, -,Iain Steel,1,"$7,560"
92, -,Gene Fieger,1,"$7,105"
93, -,David Hutsell,1,"$6,804"
94, -,Mark Wurtz,3,"$6,660"
95, -,Scott Watkins,1,"$6,300"
96, -,Stu Ingraham,1,"$6,270"
97, -,Han Lee,1,"$5,970"
98, -,Jimmy Green,2,"$4,599"
99, -,Barry Cheesman,1,"$4,263"
100, -,Mike Deuel,1,"$3,696"
*2001,,,,
1, -,Charles Howell III,24,"$1,520,632"
2, -,Matt Kuchar,11,"$572,669"
3, -,Niclas Fasth,3,"$544,418"
4, -,Toshi Izawa,5,"$469,180"
5, -,Angel Cabrera,8,"$337,105"
6, -,Darren Clarke,7,"$330,870"
7, -,Chad Campbell,3,"$259,200"
8, -,Shingo Katayama,6,"$254,685"
9, -,Padraig Harrington,9,"$240,426"
10, -,Ian Woosnam,5,"$225,878"
11, -,Michael Campbell,10,"$213,192"
12, -,Bryce Molder,7,"$211,105"
13, -,Toru Taniguchi,9,"$187,914"
14, -,Thomas Bjorn,7,"$125,780"
15, -,Colin Montgomerie,7,"$102,762"
16, -,Adam Scott,6,"$93,026"
17, -,Michael Allen,1,"$91,734"
18, -,Mikko Ilonen,4,"$91,194"
19, -,Peter Lonard,7,"$91,172"
20, -,Luke Donald,7,"$80,747"
21, -,Lee Westwood,6,"$76,821"
22, -,Jaxon Brigman,1,"$61,500"
T23, -,Alex Cejka,1,"$57,310"
T23, -,Raphael Jacquelin,1,"$57,310"
T23, -,Des Smyth,1,"$57,310"
26, -,Paul McGinley,4,"$57,079"
27, -,Eduardo Romero,6,"$54,374"
28, -,Tim Thelen,7,"$51,780"
29, -,Omar Uresti,3,"$47,450"
30, -,Heath Slocum,8,"$45,670"
31, -,Andrew Coltart,3,"$44,317"
32, -,Greg Owen,1,"$43,630"
33, -,Phillip Price,6,"$41,406"
34, -,Barry Lane,1,"$35,763"
T35, -,Justin Rose,1,"$30,756"
T35, -,Nicolas Vanhootegem,1,"$30,756"
37, -,Dean Wilson,2,"$30,055"
38, -,Kazuhiko Hosokawa,2,"$29,944"
39, -,Stephen Gangluff,2,"$22,476"
40, -,Jeffrey Lankford,2,"$21,775"
41, -,Pierre Fulke,8,"$21,630"
42, -,Tony Carolan,1,"$20,698"
43, -,Gene Fieger,2,"$19,573"
44, -,Aaron Baddeley,9,"$19,435"
T45, -,Richard Green,1,"$19,312"
T45, -,Paul Lawrie,6,"$19,312"
47, -,Richard Johnson,1,"$18,029"
48, -,Joey Gullion,3,"$16,200"
49, -,Hidemichi Tanaka,7,"$15,363"
50, -,Katsumune Imai,1,"$14,318"
T51, -,Andy Oldcorn,2,"$14,250"
T51, -,Rick Schuller,1,"$14,250"
53, -,Mark Wilson,2,"$13,727"
54, -,Mark W. Johnson,1,"$13,600"
55, -,Jimmy Walker,3,"$13,164"
56, -,Paul Curry,1,"$12,793"
57, -,Gordon Brand Jr.,1,"$12,016"
58, -,Neil Cheetham,1,"$11,873"
T59, -,Alexandre Balicki,1,"$11,766"
T59, -,Thomas Levet,1,"$11,766"
61, -,David Smail,3,"$11,659"
62, -,Scott Henderson,1,"$11,551"
63, -,Tim Petrovic,1,"$11,443"
64, -,Jeff Quinney,7,"$11,400"
65, -,Perry Arthur,1,"$10,317"
T66, -,Mathias Gronberg,4,"$8,863"
T66, -,Thongchai Jaidee,1,"$8,863"
T66, -,Anthony Kang,1,"$8,863"
T66, -,Gary Orr,4,"$8,863"
70, -,Paul Casey,3,"$8,580"
71, -,Steven Alker,1,"$8,550"
72, -,Jonathan Byrd,1,"$8,400"
73, -,Todd Barranger,1,"$7,700"
74, -,Michael Christensen,1,"$7,616"
75, -,Bobby Cochran,1,"$7,455"
76, -,Mark Wurtz,2,"$7,388"
77, -,Derek Gillespie,1,"$7,296"
78, -,Kevin Blanton,1,"$7,264"
T79, -,Michael Combs,1,"$7,208"
T79, -,James Driscoll,4,"$7,208"
T79, -,Todd Fanning,2,"$7,208"
82, -,Rob Bradley,1,"$7,000"
83, -,Robert L. Thompson,2,"$6,936"
84, -,Ryan Dillon,2,"$6,534"
85, -,Lucas Glover,2,"$6,180"
86, -,Craig Bowden,4,"$6,107"
87, -,Ben Curtis,1,"$6,020"
88, -,David Stephens,1,"$5,950"
89, -,Chris Zambri,2,"$5,600"
90, -,Yoshinori Mizumaki,1,"$5,520"
91, -,Tim Conley,1,"$3,680"
*2000,,,,
1, -,Thomas Bjorn,9,"$814,148"
2, -,Miguel A. Jimenez,11,"$488,848"
3, -,Colin Montgomerie,9,"$409,044"
4, -,Jose Maria Olazabal,12,"$320,971"
5, -,Lee Westwood,10,"$293,303"
6, -,Padraig Harrington,8,"$265,313"
7, -,Charles Howell III,13,"$263,533"
8, -,Darren Clarke,10,"$254,114"
9, -,Kazuhiko Hosokawa,14,"$227,588"
10, -,Retief Goosen,13,"$196,093"
11, -,Bernhard Langer,10,"$189,955"
12, -,Pierre Fulke,2,"$100,587"
13, -,Stephen Sear,2,"$90,000"
14, -,Michael Campbell,6,"$86,223"
15, -,Hank Kuehne,6,"$85,656"
16, -,Joey Gullion,7,"$84,651"
17, -,Angel Cabrera,6,"$78,256"
18, -,Ted Purdy,1,"$72,000"
19, -,Jarmo Sandelin,3,"$66,432"
20, -,Keiichiro Fukabori,3,"$64,350"
21, -,Mark McNulty,1,"$56,346"
22, -,Todd Barranger,5,"$43,767"
23, -,Kaname Yokoo,5,"$41,286"
24, -,Ian Woosnam,5,"$40,342"
25, -,Paul McGinley,4,"$38,717"
26, -,Brian Kontak,1,"$37,950"
27, -,Hidemichi Tanaka,3,"$37,750"
28, -,Masashi Jumbo Ozaki,3,"$37,673"
29, -,"David Berganio, Jr.",4,"$34,625"
30, -,Dean Robertson,1,"$30,366"
31, -,Lee Porter,2,"$28,247"
32, -,Eduardo Romero,3,"$23,534"
33, -,Andrew Coltart,4,"$22,807"
34, -,Edward Loar,5,"$22,667"
35, -,Charles Warren,1,"$22,056"
36, -,Jose Coceres,3,"$21,256"
37, -,Toshi Izawa,1,"$20,500"
38, -,Jeff Freeman,10,"$20,090"
39, -,Yoshinori Mizumaki,4,"$19,328"
40, -,Jeff Coston,2,"$17,967"
41, -,Rick Hartmann,1,"$15,891"
T42, -,Jarrod Moseley,1,"$15,707"
T42, -,Nick O'Hern,1,"$15,707"
T42, -,Gary Orr,4,"$15,707"
T42, -,Lucas Parsons,2,"$15,707"
T42, -,Tsuyoshi Yoneyama,2,"$15,707"
47, -,Michael Kirk,1,"$14,894"
48, -,Chris Tidland,3,"$14,438"
49, -,Jonathan Byrd,1,"$14,130"
50, -,Paul Gow,2,"$13,627"
51, -,Warren Schutte,1,"$13,578"
T52, -,Takao Nogami,1,"$12,856"
T52, -,Jeff Roth,1,"$12,856"
54, -,Ian Garbutt,1,"$12,754"
55, -,Greg Owen,1,"$11,843"
56, -,Christy O'Connor,1,"$11,273"
57, -,Derek Gillespie,1,"$11,220"
T58, -,Desvonde Botes,1,"$10,970"
T58, -,Per-Ulrik Johansson,1,"$10,970"
T58, -,Ian Poulter,1,"$10,970"
61, -,Gordon Brand Jr.,1,"$10,742"
T62, -,Lionel Alexandre,1,"$10,628"
T62, -,Peter Senior,2,"$10,628"
64, -,Tommy Aaron,1,"$10,488"
65, -,Adam Scott,6,"$10,200"
66, -,Frank Dobbs,2,"$8,900"
67, -,Mark Wilson,1,"$8,500"
68, -,Robert L. Thompson,2,"$8,320"
69, -,Steven Alker,2,"$8,160"
70, -,David Howser,1,"$8,127"
71, -,Bruce Smith,1,"$7,240"
72, -,Hunter Haas,6,"$6,685"
73, -,Steven Young,1,"$6,480"
74, -,Rob McMillan,2,"$6,270"
75, -,Bobby Gage,3,"$6,210"
76, -,"Pat Nanney, Jr.",1,"$6,090"
77, -,Jeff Williams,1,"$5,880"
78, -,Joey Maxon,1,"$5,852"
79, -,Jorge Benedetti,1,"$5,771"
80, -,Korky Kemp,1,"$5,760"
81, -,Tim Thelen,2,"$5,656"
82, -,Andy Miller,2,"$5,640"
83, -,Brent Winston,1,"$5,580"
84, -,David Ishii,1,"$5,568"
85, -,Stephen Gangluff,1,"$5,460"
86, -,Michael Allen,1,"$4,936"
87, -,Garrett Morrison,1,"$4,896"
88, -,Chris Wollmann,1,"$4,540"
89, -,R.W. Eaks,1,"$4,180"
